[
	{
        "id": 1,
        "productImg": "https://img.themesbrand.com/velzon/images/img-3.gif",
        "like": true,
        "title": "Walking On Air",
        "category": "Artwork",
        "totalLikes": "37.41k",
        "highBid": "10.35ETH",
        "price": "14.167"
    },{
        "id": 2,
        "productImg": "/static/images/nft/img-03.jpg",
        "like": false,
        "salesType": "On Auction",
        "title": "Creative Filtered Portrait",
        "category": "Photography",
        "totalLikes": "19.29k",
        "highBid": "75.3ETH",
        "price": "67.36"
    },{
        "id": 3,
        "productImg": "/static/images/nft/img-02.jpg",
        "like": true,
        "salesType": "Has Offers",
        "title": "The Chirstoper",
        "category": "Music",
        "totalLikes": "23.63k",
        "highBid": "412.30ETH",
        "price": "394.7"
    },{
        "id": 4,
        "productImg": "https://img.themesbrand.com/velzon/images/img-4.gif",
        "like": false,
        "salesType": "Has Offers",
        "title": "Evolved Reality",
        "category": "Video",
        "totalLikes": "15.93k",
        "highBid": "2.75ETH",
        "price": "3.167"
    },{
        "id": 5,
        "productImg": "/static/images/nft/img-01.jpg",
        "like": false,
        "salesType": "Has Offers",
        "title": "Abstract Face Painting",
        "category": "Collectibles",
        "totalLikes": "14.85k",
        "highBid": "122.34ETH",
        "price": "97.8"
    },{
        "id": 6,
        "productImg": "/static/images/nft/img-05.jpg",
        "like": true,
        "salesType": "On Auction",
        "title": "Long-tailed Macaque",
        "category": "Artwork",
        "totalLikes": "64.10k",
        "highBid": "874.01ETH",
        "price": "745.14"
    },{
        "id": 7,
        "productImg": "/static/images/nft/img-06.jpg",
        "like": true,
        "salesType": "On Auction",
        "title": "Robotic Body Art",
        "category": "Artwork",
        "totalLikes": "36.42k",
        "highBid": "41.658 ETH",
        "price": "34.81"
    },{
        "id": 8,
        "productImg": "https://img.themesbrand.com/velzon/images/img-2.gif",
        "like": false,
        "salesType": "On Auction",
        "title": "Trendy Fashion Portraits",
        "category": "3d Style",
        "totalLikes": "94.1k",
        "highBid": "674.92 ETH",
        "price": "563.81"
    },{
        "id": 9,
        "productImg": "/static/images/nft/img-04.jpg",
        "like": true,
        "salesType": "Has Offers",
        "title": "Smillevers Crypto",
        "category": "Crypto Card",
        "totalLikes": "34.12k",
        "highBid": "41.658 ETH",
        "price": "34.81"
    },{
        "id": 10,
        "productImg": "https://img.themesbrand.com/velzon/images/img-1.gif",
        "like": false,
        "salesType": "On Auction",
        "title": "Patterns Arts & Culture",
        "category": "Artwork",
        "totalLikes": "8.42k",
        "highBid": "9.64ETH",
        "price": "14.167"
    },{
        "id": 11,
        "productImg": "/static/images/nft/img-03.jpg",
        "like": false,
        "salesType": "On Auction",
        "title": "Creative Filtered Portrait",
        "category": "Video",
        "totalLikes": "19.29k",
        "highBid": "75.3ETH",
        "price": "267.36"
    },{
        "id": 12,
        "productImg": "https://img.themesbrand.com/velzon/images/img-4.gif",
        "like": false,
        "salesType": "Has Offers",
        "title": "Evolved Reality",
        "category": "Artwork",
        "totalLikes": "15.93k",
        "highBid": "2.75ETH",
        "price": "324.26"
    },{
        "id": 13,
        "productImg": "/static/images/nft/img-01.jpg",
        "like": false,
        "salesType": "Has Offers",
        "title": "Abstract Face Painting",
        "category": "Photography",
        "totalLikes": "14.85k",
        "highBid": "122.34ETH",
        "price": "245.8"
    },{
        "id": 14,
        "productImg": "/static/images/nft/img-05.jpg",
        "like": true,
        "salesType": "On Auction",
        "title": "Long-tailed Macaque",
        "category": "Collectibles",
        "totalLikes": "64.10k",
        "highBid": "874.01ETH",
        "price": "340.14"
    },{
        "id": 15,
        "productImg": "/static/images/nft/img-06.jpg",
        "like": true,
        "salesType": "On Auction",
        "title": "Robotic Body Art",
        "category": "Photography",
        "totalLikes": "36.42k",
        "highBid": "41.658 ETH",
        "price": "121.81"
    }
]