[
    {
        "name": "Çorba",
        "description": "İçinizi ısıtacak sıcacık çorba.",
        "steps": [
            {"step": "Sebzeleri doğra", "time": 5, "dependencies": [], "occupies_chef": true},
            {"step": "Su kaynat", "time": 10, "dependencies": [], "occupies_chef": false},
            {"step": "Sebzeleri ekle", "time": 5, "dependencies": ["Su kaynat"], "occupies_chef": true},
            {"step": "Baharatları ekle", "time": 2, "dependencies": ["Sebzeleri ekle"], "occupies_chef": true},
            {"step": "Çorbayı kaynat", "time": 15, "dependencies": ["Baharatları ekle"], "occupies_chef": false},
            {"step": "Çorbayı servis yap", "time": 1, "dependencies": ["Çorbayı kaynat"], "occupies_chef": true}
        ]
    },    
    {
        "name": "test",
        "description": "sadf",
        "steps": {
            "name": "Pasta",
            "description": "Lezzetli bir makarna yapmak ister misiniz?.",
            "steps": [
                {
                    "step": "Su kaynat",
                    "time": 10,
                    "dependencies": [],
                    "occupies_chef": false
                },
                {
                    "step": "Sos taban\u0131n\u0131 haz\u0131rla",
                    "time": 10,
                    "dependencies": [],
                    "occupies_chef": true
                },
                {
                    "step": "Tuz ve spagetti ekle",
                    "time": 3,
                    "dependencies": [
                        "Su kaynat"
                    ],
                    "occupies_chef": true
                },
                {
                    "step": "Domates sosunu ekle",
                    "time": 10,
                    "dependencies": [
                        "Sos taban\u0131n\u0131 haz\u0131rla"
                    ],
                    "occupies_chef": false
                },
                {
                    "step": "Fesle\u011fen ekle",
                    "time": 1,
                    "dependencies": [
                        "Domates sosunu ekle"
                    ],
                    "occupies_chef": true
                },
                {
                    "step": "Makarna kaynat",
                    "time": 10,
                    "dependencies": [
                        "Su kaynat",
                        "Tuz ve spagetti ekle"
                    ],
                    "occupies_chef": false
                },
                {
                    "step": "Makarna s\u00fcz",
                    "time": 2,
                    "dependencies": [
                        "Makarna kaynat"
                    ],
                    "occupies_chef": true
                },
                {
                    "step": "Sos ve makarnay\u0131 kar\u0131\u015ft\u0131r",
                    "time": 3,
                    "dependencies": [
                        "Fesle\u011fen ekle",
                        "Makarna s\u00fcz"
                    ],
                    "occupies_chef": true
                },
                {
                    "step": "Servis yap",
                    "time": 1,
                    "dependencies": [
                        "Sos ve makarnay\u0131 kar\u0131\u015ft\u0131r"
                    ],
                    "occupies_chef": true
                }
            ]
        }
    }
]