{
    "name": "Pasta",
    "description": "Lezzetli bir makarna yapmak ister misiniz?.",
    "steps": [
        {"step": "Su kaynat", "time": 10, "dependencies": [], "occupies_chef": false},
        {"step": "Sos tabanını hazırla", "time": 10, "dependencies": [], "occupies_chef": true},
        {"step": "Tuz ve spagetti ekle", "time": 3, "dependencies": ["Su kaynat"], "occupies_chef": true},
        {"step": "Domates sosunu ekle", "time": 10, "dependencies": ["Sos tabanını hazırla"], "occupies_chef": false},
        {"step": "Fesleğen ekle", "time": 1, "dependencies": ["Domates sosunu ekle"], "occupies_chef": true},
        {"step": "Makarna kaynat", "time": 10, "dependencies": ["Su kaynat", "Tuz ve spagetti ekle"], "occupies_chef": false},
        {"step": "Makarna süz", "time": 2, "dependencies": ["Makarna kaynat"], "occupies_chef": true},
        {"step": "Sos ve makarnayı karıştır", "time": 3, "dependencies": ["Fesleğen ekle", "Makarna süz"], "occupies_chef": true},
        {"step": "Servis yap", "time": 1, "dependencies": ["Sos ve makarnayı karıştır"], "occupies_chef": true}
    ]
}
