{
    "name": "Apple Cookie",
    "description": "Delicious apple pie recipe.",
    "steps": [
        {"step": "Prepare the apples", "time": 10, "dependencies": [], "occupies_chef": true},
        {"step": "Mix wet ingredients", "time": 5, "dependencies": [], "occupies_chef": true},
        {"step": "Stir the filling", "time": 1, "dependencies": [], "occupies_chef": true},
        {"step": "Add flour and knead", "time": 5, "dependencies": ["Mix wet ingredients"], "occupies_chef": true},
        {"step": "Cook the filling", "time": 12, "dependencies": ["Prepare the apples"], "occupies_chef": false},
        {"step": "Rest the dough", "time": 5, "dependencies": ["Add flour and knead"], "occupies_chef": false},
        {"step": "Line the baking sheet", "time": 1, "dependencies": [], "occupies_chef": true},
        {"step": "Flour the counter", "time": 2, "dependencies": ["Rest the dough"], "occupies_chef": true},
        {"step": "Preheat the oven", "time": 30, "dependencies": [], "occupies_chef": false},
        {"step": "Shape the dough", "time": 20, "dependencies": ["Rest the dough", "Line the baking sheet"], "occupies_chef": true},
        {"step": "Bake the cookies", "time": 20, "dependencies": ["Shape the dough", "Preheat the oven"], "occupies_chef": false},
        {"step": "Cool the cookies", "time": 5, "dependencies": ["Bake the cookies"], "occupies_chef": false}
    ]
}